Neighborhood,Address,Phone Number,Borough,Community District,Homebase Office
East Harlem,2276 Third Avenue,917-492-1019,Manhattan,Manhattan,SUS
Lower East Side,265 Henry Street,917-492-1019,Manhattan,Manhattan,SUS
Crotona,775 Crotona Park North,718-299-8473,Bronx,"203, 206",Help USA I
Claremont,3593 East 169th Street,917-801-4512,Bronx,"203, 206",Help USA I
Grand Concourse,1130 Grand Concourse,718-508-3100,Bronx,"201, 204",Bronxworks
Mott Haven,630 Jackson Avenue,718-993-2032,Bronx,"201, 204",Bronxworks
Mount Hope,"1780 Grand Concourse, Level I",347-226-4540,Bronx,"205, 207, 208",Help USA II
Morris Heights,1981 Sedgwick Avenue,718-215-6453,Bronx,"205, 207, 208",Help USA II
Unionport,2155 Blackrock Avenue,718-414-1050,Bronx,"202, 209",ARCHNY I
Hunts Point,890 Garrison Avenue,929-259-9430,Bronx,"202, 209",ARCHNY I
Bronxdale,2901 White Plains Road,347-913-4694,Bronx,"210, 211, 212",ARCHNY II
Woodlawn,4377 Bronx Boulevard,347-947-3920,Bronx,"210, 211, 212",ARCHNY II
Crown Heights,1117 Eastern Parkway,718-622-7323,Brooklyn,"303, 308, 309, 317",CAMBA I
Bedford Stuyvesant,1958 Fulton Street,718-408-5756,Brooklyn,"303, 308, 309, 317",CAMBA I
Bushwick,90 Beaver Street,718-366-4300,Brooklyn,301,RBSCC
Bushwick North,1475 Myrtle Avenue,347-295-3738,Brooklyn,304,RBSCC
Brownsville,145 East 98th Street,917-819-3200,Brooklyn,316,RBSCC
East New York,3060 Fulton Street,929-234-3036,Brooklyn,"305, 318",CNS II
Staten Island,"120 Stuyvesant Place, Suite 413","718-282-6473, EX. 75007",Staten Island,Staten Island,CAMBA II
Jamaica,87-80 Merrick Boulevard,718-674-1000,Queens,Queens,CNS I
Rockaways,Rockaways,718-647-1015,Queens,Queens,CNS I
Flatbush,2211 Church Ave.,718-940-6311,Brooklyn,"302, 306, 307, 310, 311, 312, 313, 314, 315",CAMBA II
